{
 "block": "{\"blockId\":\"pjw5akr39\",\"children\":[{\"blockId\":\"xi48r2pme\",\"children\":[],\"baseStyles\":{\"fontSize\":\"14px\",\"width\":\"fit-content\",\"height\":\"fit-content\",\"lineHeight\":\"115%\",\"minWidth\":\"10px\",\"position\":\"static\",\"top\":\"auto\",\"left\":\"auto\",\"fontFamily\":\"\",\"fontWeight\":\"400\",\"letterSpacing\":\"0.07px\",\"color\":\"#7C7C7C\"},\"rawStyles\":{},\"mobileStyles\":{},\"tabletStyles\":{},\"attributes\":{},\"classes\":[],\"dataKey\":null,\"element\":\"label\",\"innerHTML\":\"<p>Label</p>\",\"customAttributes\":{\"for\":\"name\"}},{\"blockId\":\"ki103x8w7\",\"children\":[],\"baseStyles\":{\"display\":\"flex\",\"flexDirection\":\"column\",\"flexShrink\":0,\"overflow\":\"hidden\",\"position\":\"static\",\"width\":\"100%\",\"height\":\"32px\",\"borderRadius\":\"4px\",\"borderColor\":\"#c9c9c9\",\"borderWidth\":\"1px\",\"borderStyle\":\"solid\",\"fontSize\":\"14px\"},\"rawStyles\":{},\"mobileStyles\":{},\"tabletStyles\":{},\"attributes\":{\"placeholder\":\"Name\"},\"classes\":[],\"dataKey\":null,\"element\":\"input\",\"customAttributes\":{\"name\":\"name\",\"required\":\"true\"}}],\"baseStyles\":{\"display\":\"flex\",\"flexDirection\":\"column\",\"flexShrink\":0,\"height\":\"fit-content\",\"width\":\"100%\",\"overflow\":\"hidden\",\"position\":\"relative\",\"gap\":\"5px\"},\"rawStyles\":{},\"mobileStyles\":{},\"tabletStyles\":{},\"attributes\":{},\"classes\":[],\"dataKey\":null,\"blockName\":\"container\",\"element\":\"div\",\"customAttributes\":{}}",
 "category": "Form parts",
 "creation": "2024-09-03 23:00:16.365741",
 "docstatus": 0,
 "doctype": "Block Template",
 "idx": 0,
 "modified": "2024-09-03 23:00:16.365741",
 "modified_by": "Administrator",
 "name": "Label",
 "owner": "Administrator",
 "preview": "/builder_assets/Label/label.png",
 "template_name": "Label"
}