{
 "block": "{\"attributes\": {},\"baseStyles\": {\"alignItems\": \"center\",\"boxShadow\": \"rgba(0, 0, 0, 0) 0px 0px 0px 0px, rgba(0, 0, 0, 0) 0px 0px 0px 0px, rgba(0, 0, 0, 0.05) 0px 1px 2px 0px, rgba(0, 0, 0, 0.05) 0px 1px 3px 0px\",\"display\": \"flex\",\"flexDirection\": \"row\",\"flexShrink\": 0,\"justifyContent\": \"center\",\"overflow\": \"hidden\",\"paddingBottom\": \"0px\",\"paddingLeft\": \"0px\",\"paddingRight\": \"0px\",\"paddingTop\": \"0px\",\"position\": \"static\",\"width\": \"100%\"},\"blockId\": \"y2d301ae6\",\"blockName\": \"navbar\",\"children\": [{\"attributes\": {},\"baseStyles\": {\"alignItems\": \"center\",\"boxShadow\": \"None\",\"display\": \"flex\",\"flexDirection\": \"row\",\"flexShrink\": 0,\"height\": \"fit-content\",\"justifyContent\": \"space-between\",\"maxWidth\": \"1200px\",\"overflow\": \"hidden\",\"paddingBottom\": \"16px\",\"paddingLeft\": \"36px\",\"paddingRight\": \"36px\",\"paddingTop\": \"16px\",\"position\": \"static\",\"width\": \"100%\"},\"blockId\": \"0vtlpu03s\",\"blockName\": \"container\",\"children\": [{\"attributes\": {\"href\": \"/home\"},\"baseStyles\": {\"display\": \"flex\",\"flexDirection\": \"column\",\"flexShrink\": 0,\"height\": \"fit-content\",\"overflow\": \"hidden\",\"width\": \"fit-content\"},\"blockId\": \"0jmcvjcsj\",\"blockName\": \"container\",\"children\": [{\"attributes\": {\"src\": \"/builder_assets/Navbar 1/imageca9535.webp\"},\"baseStyles\": {\"flexShrink\": 0,\"objectFit\": \"cover\",\"width\": \"90px\"},\"blockId\": \"bsrrts4ka\",\"children\": [],\"classes\": [],\"customAttributes\": {},\"dataKey\": null,\"element\": \"img\",\"mobileStyles\": {\"display\": \"none\"},\"rawStyles\": {},\"tabletStyles\": {\"width\": \"80px\"}},{\"attributes\": {\"src\": \"/builder_assets/Navbar 1/Logo.webp\"},\"baseStyles\": {\"display\": \"none\",\"flexShrink\": 0,\"objectFit\": \"cover\"},\"blockId\": \"hoqwsctwv\",\"children\": [],\"classes\": [],\"customAttributes\": {},\"dataKey\": null,\"element\": \"img\",\"mobileStyles\": {\"display\": \"flex\",\"width\": \"30px\"},\"rawStyles\": {},\"tabletStyles\": {}}],\"classes\": [],\"customAttributes\": {},\"dataKey\": null,\"element\": \"a\",\"mobileStyles\": {},\"rawStyles\": {},\"tabletStyles\": {}},{\"attributes\": {},\"baseStyles\": {\"display\": \"flex\",\"flexDirection\": \"row\",\"flexShrink\": 0,\"gap\": \"4px\",\"height\": \"fit-content\",\"overflow\": \"hidden\",\"width\": \"fit-content\"},\"blockId\": \"9m6ziw1vz\",\"children\": [{\"attributes\": {\"href\": \"/home\"},\"baseStyles\": {\"fontSize\": \"16px\",\"height\": \"fit-content\",\"lineHeight\": \"1.4\",\"minWidth\": \"10px\",\"paddingBottom\": \"10px\",\"paddingLeft\": \"12px\",\"paddingRight\": \"12px\",\"paddingTop\": \"10px\",\"width\": \"fit-content\"},\"blockId\": \"ek6bh4o1y\",\"children\": [],\"classes\": [],\"customAttributes\": {},\"dataKey\": null,\"element\": \"a\",\"innerHTML\": \"<p>Home</p>\",\"mobileStyles\": {},\"rawStyles\": {},\"tabletStyles\": {\"padding\": \"10px\"}},{\"attributes\": {\"href\": \"/product\"},\"baseStyles\": {\"fontSize\": \"16px\",\"height\": \"fit-content\",\"lineHeight\": \"1.4\",\"minWidth\": \"10px\",\"paddingBottom\": \"10px\",\"paddingLeft\": \"12px\",\"paddingRight\": \"12px\",\"paddingTop\": \"10px\",\"width\": \"fit-content\"},\"blockId\": \"30sxa7qpb\",\"children\": [],\"classes\": [],\"customAttributes\": {},\"dataKey\": null,\"element\": \"a\",\"innerHTML\": \"<p>Product</p>\",\"mobileStyles\": {},\"rawStyles\": {},\"tabletStyles\": {\"padding\": \"10px\"}},{\"attributes\": {\"href\": \"/features\"},\"baseStyles\": {\"fontSize\": \"16px\",\"height\": \"fit-content\",\"lineHeight\": \"1.4\",\"minWidth\": \"10px\",\"paddingBottom\": \"10px\",\"paddingLeft\": \"12px\",\"paddingRight\": \"12px\",\"paddingTop\": \"10px\",\"width\": \"fit-content\"},\"blockId\": \"oxe8p96l8\",\"children\": [],\"classes\": [],\"customAttributes\": {},\"dataKey\": null,\"element\": \"a\",\"innerHTML\": \"<p>Features</p>\",\"mobileStyles\": {},\"rawStyles\": {},\"tabletStyles\": {\"padding\": \"10px\"}},{\"attributes\": {\"href\": \"/about\"},\"baseStyles\": {\"fontSize\": \"16px\",\"height\": \"fit-content\",\"lineHeight\": \"1.4\",\"minWidth\": \"10px\",\"paddingBottom\": \"10px\",\"paddingLeft\": \"12px\",\"paddingRight\": \"12px\",\"paddingTop\": \"10px\",\"width\": \"fit-content\"},\"blockId\": \"490v0w3do\",\"children\": [],\"classes\": [],\"customAttributes\": {},\"dataKey\": null,\"element\": \"a\",\"innerHTML\": \"<p>About us</p>\",\"mobileStyles\": {},\"rawStyles\": {},\"tabletStyles\": {\"padding\": \"10px\"}},{\"attributes\": {\"href\": \"/pricing\"},\"baseStyles\": {\"fontSize\": \"16px\",\"height\": \"fit-content\",\"lineHeight\": \"1.4\",\"minWidth\": \"10px\",\"paddingBottom\": \"10px\",\"paddingLeft\": \"12px\",\"paddingRight\": \"12px\",\"paddingTop\": \"10px\",\"width\": \"fit-content\"},\"blockId\": \"tfp4aede9\",\"children\": [],\"classes\": [],\"customAttributes\": {},\"dataKey\": null,\"element\": \"a\",\"innerHTML\": \"<p>Pricing</p>\",\"mobileStyles\": {},\"rawStyles\": {},\"tabletStyles\": {\"padding\": \"10px\"}}],\"classes\": [],\"customAttributes\": {},\"dataKey\": null,\"element\": \"nav\",\"mobileStyles\": {\"__last_display\": \"flex\",\"display\": \"none\"},\"rawStyles\": {},\"tabletStyles\": {\"gap\": \"0px\"}},{\"attributes\": {},\"baseStyles\": {\"alignItems\": \"center\",\"display\": \"flex\",\"flexDirection\": \"row\",\"flexShrink\": 0,\"gap\": \"8px\",\"height\": \"fit-content\",\"justifyContent\": \"center\",\"overflow\": \"hidden\",\"width\": \"fit-content\"},\"blockId\": \"9s9e7v41r\",\"blockName\": \"container\",\"children\": [{\"attributes\": {\"href\": \"/login\"},\"baseStyles\": {\"fontSize\": \"16px\",\"height\": \"fit-content\",\"lineHeight\": \"1.4\",\"minWidth\": \"10px\",\"paddingBottom\": \"10px\",\"paddingLeft\": \"12px\",\"paddingRight\": \"12px\",\"paddingTop\": \"10px\",\"width\": \"fit-content\"},\"blockId\": \"zf0y11fvx\",\"children\": [],\"classes\": [],\"customAttributes\": {},\"dataKey\": null,\"element\": \"a\",\"innerHTML\": \"<p>Log in</p>\",\"mobileStyles\": {},\"rawStyles\": {},\"tabletStyles\": {\"padding\": \"10px\"}},{\"attributes\": {\"href\": \"/get-started\"},\"baseStyles\": {\"alignItems\": \"center\",\"background\": \"color(display-p3 0.090 0.090 0.090)\",\"borderRadius\": \"10px\",\"display\": \"flex\",\"flexDirection\": \"column\",\"flexShrink\": 0,\"justifyContent\": \"center\",\"overflow\": \"hidden\",\"paddingBottom\": \"10px\",\"paddingLeft\": \"12px\",\"paddingRight\": \"12px\",\"paddingTop\": \"10px\"},\"blockId\": \"tlh5pzpsg\",\"blockName\": \"container\",\"children\": [{\"attributes\": {},\"baseStyles\": {\"color\": \"color(display-p3 1.000 1.000 1.000)\",\"fontFamily\": \"\",\"fontSize\": \"16px\",\"fontWeight\": \"500\",\"height\": \"fit-content\",\"letterSpacing\": \"0.005em\",\"lineHeight\": \"115%\",\"minWidth\": \"10px\",\"width\": \"fit-content\"},\"blockId\": \"tmf6exowl\",\"children\": [],\"classes\": [],\"customAttributes\": {},\"dataKey\": null,\"element\": \"p\",\"innerHTML\": \"<p>Get started</p>\",\"mobileStyles\": {},\"rawStyles\": {},\"tabletStyles\": {}}],\"classes\": [],\"customAttributes\": {},\"dataKey\": null,\"element\": \"a\",\"mobileStyles\": {},\"rawStyles\": {},\"tabletStyles\": {}}],\"classes\": [],\"customAttributes\": {},\"dataKey\": null,\"element\": \"div\",\"mobileStyles\": {\"__last_display\": \"flex\",\"display\": \"none\"},\"rawStyles\": {},\"tabletStyles\": {}},{\"attributes\": {},\"baseStyles\": {\"__last_display\": \"flex\",\"display\": \"none\",\"flexDirection\": \"column\",\"flexShrink\": 0,\"height\": \"fit-content\",\"overflow\": \"hidden\",\"width\": \"fit-content\"},\"blockId\": \"c70gdumv2\",\"children\": [{\"attributes\": {},\"baseStyles\": {\"height\": \"18px\",\"width\": \"18px\"},\"blockId\": \"l1fodmqkq\",\"children\": [],\"classes\": [],\"customAttributes\": {},\"dataKey\": null,\"element\": \"div\",\"innerHTML\": \"<svg viewBox=\\\"0 0 18 18\\\" fill=\\\"none\\\" xmlns=\\\"http://www.w3.org/2000/svg\\\">\\n<path fill-rule=\\\"evenodd\\\" clip-rule=\\\"evenodd\\\" d=\\\"M2.875 3.60059C2.875 3.32444 3.09886 3.10059 3.375 3.10059H14.625C14.9011 3.10059 15.125 3.32444 15.125 3.60059C15.125 3.87673 14.9011 4.10059 14.625 4.10059H3.375C3.09886 4.10059 2.875 3.87673 2.875 3.60059ZM2.875 9.00064C2.875 8.7245 3.09886 8.50064 3.375 8.50064H14.625C14.9011 8.50064 15.125 8.7245 15.125 9.00064C15.125 9.27678 14.9011 9.50064 14.625 9.50064H3.375C3.09886 9.50064 2.875 9.27678 2.875 9.00064ZM3.375 13.9007C3.09886 13.9007 2.875 14.1246 2.875 14.4007C2.875 14.6768 3.09886 14.9007 3.375 14.9007H14.625C14.9011 14.9007 15.125 14.6768 15.125 14.4007C15.125 14.1246 14.9011 13.9007 14.625 13.9007H3.375Z\\\" fill=\\\"#383838\\\" style=\\\"fill:#383838;fill:color(display-p3 0.2196 0.2196 0.2196);fill-opacity:1;\\\"></path>\\n</svg>\",\"mobileStyles\": {},\"originalElement\": \"__raw_html__\",\"rawStyles\": {},\"tabletStyles\": {}}],\"classes\": [],\"customAttributes\": {},\"dataKey\": null,\"element\": \"button\",\"mobileStyles\": {\"display\": \"flex\",\"paddingBottom\": \"7px\",\"paddingLeft\": \"7px\",\"paddingRight\": \"7px\",\"paddingTop\": \"7px\"},\"rawStyles\": {},\"tabletStyles\": {}}],\"classes\": [],\"customAttributes\": {},\"dataKey\": null,\"element\": \"div\",\"mobileStyles\": {\"paddingLeft\": \"16px\",\"paddingRight\": \"16px\"},\"rawStyles\": {},\"tabletStyles\": {\"paddingLeft\": \"16px\",\"paddingRight\": \"16px\"}}],\"classes\": [],\"customAttributes\": {},\"dataKey\": null,\"editable\": false,\"element\": \"header\",\"mobileStyles\": {\"paddingLeft\": \"0px\",\"paddingRight\": \"0px\"},\"rawStyles\": {},\"tabletStyles\": {\"paddingLeft\": \"0px\",\"paddingRight\": \"0px\"}}",
 "category": "Structure",
 "creation": "2024-09-17 11:48:14.626645",
 "docstatus": 0,
 "doctype": "Block Template",
 "idx": 0,
 "modified": "2024-09-19 13:08:11.964111",
 "modified_by": "Administrator",
 "name": "Navbar 1",
 "order": 2,
 "owner": "Administrator",
 "preview": "/builder_assets/Navbar 1/navbar_1.png",
 "preview_height": 1,
 "preview_width": 2,
 "template_name": "Navbar 1"
}