{
 "block": "{\"attributes\": {},\"baseStyles\": {\"alignItems\": \"center\",\"boxShadow\": \"rgba(0, 0, 0, 0) 0px 0px 0px 0px, rgba(0, 0, 0, 0) 0px 0px 0px 0px, rgba(0, 0, 0, 0.05) 0px 1px 2px 0px, rgba(0, 0, 0, 0.05) 0px 1px 3px 0px\",\"display\": \"flex\",\"flexDirection\": \"row\",\"flexShrink\": 0,\"justifyContent\": \"center\",\"overflow\": \"hidden\",\"position\": \"static\",\"width\": \"100%\"},\"blockId\": \"go755hiqz\",\"blockName\": \"hero\",\"children\": [{\"attributes\": {},\"baseStyles\": {\"alignItems\": \"center\",\"boxShadow\": \"None\",\"display\": \"flex\",\"flexDirection\": \"row\",\"flexShrink\": 0,\"justifyContent\": \"space-between\",\"maxWidth\": \"1200px\",\"overflow\": \"hidden\",\"paddingBottom\": \"16px\",\"paddingLeft\": \"36px\",\"paddingRight\": \"36px\",\"paddingTop\": \"16px\",\"position\": \"static\",\"width\": \"100%\"},\"blockId\": \"kzbg33fba\",\"children\": [{\"attributes\": {\"href\": \"/home\"},\"baseStyles\": {\"alignItems\": \"center\",\"display\": \"flex\",\"flexDirection\": \"row\",\"flexShrink\": 0,\"gap\": \"40px\",\"height\": \"fit-content\",\"justifyContent\": \"flex-start\",\"overflow\": \"hidden\",\"width\": \"fit-content\"},\"blockId\": \"zknkfszm7\",\"blockName\": \"container\",\"children\": [{\"attributes\": {\"src\": \"/builder_assets/Navbar 2/Logo.webp\"},\"baseStyles\": {\"flexShrink\": 0,\"height\": \"30px\",\"objectFit\": \"cover\",\"width\": \"30px\"},\"blockId\": \"uew56afyp\",\"children\": [],\"classes\": [],\"customAttributes\": {},\"dataKey\": null,\"element\": \"img\",\"mobileStyles\": {\"display\": \"flex\"},\"rawStyles\": {},\"tabletStyles\": {}},{\"attributes\": {},\"baseStyles\": {\"display\": \"flex\",\"flexDirection\": \"row\",\"flexShrink\": 0,\"gap\": \"4px\",\"height\": \"fit-content\",\"overflow\": \"hidden\",\"width\": \"fit-content\"},\"blockId\": \"qrq7fgnw3\",\"children\": [{\"attributes\": {\"href\": \"/home\"},\"baseStyles\": {\"fontSize\": \"16px\",\"height\": \"fit-content\",\"lineHeight\": \"1.4\",\"minWidth\": \"10px\",\"paddingBottom\": \"10px\",\"paddingLeft\": \"12px\",\"paddingRight\": \"12px\",\"paddingTop\": \"10px\",\"width\": \"fit-content\"},\"blockId\": \"onijv3a3m\",\"children\": [],\"classes\": [],\"customAttributes\": {},\"dataKey\": null,\"element\": \"a\",\"innerHTML\": \"<p>Home</p>\",\"mobileStyles\": {},\"rawStyles\": {},\"tabletStyles\": {\"padding\": \"10px\"}},{\"attributes\": {\"href\": \"/product\"},\"baseStyles\": {\"fontSize\": \"16px\",\"height\": \"fit-content\",\"lineHeight\": \"1.4\",\"minWidth\": \"10px\",\"paddingBottom\": \"10px\",\"paddingLeft\": \"12px\",\"paddingRight\": \"12px\",\"paddingTop\": \"10px\",\"width\": \"fit-content\"},\"blockId\": \"28gj17j17\",\"children\": [],\"classes\": [],\"customAttributes\": {},\"dataKey\": null,\"element\": \"a\",\"innerHTML\": \"<p>Product</p>\",\"mobileStyles\": {},\"rawStyles\": {},\"tabletStyles\": {\"padding\": \"10px\"}},{\"attributes\": {\"href\": \"/features\"},\"baseStyles\": {\"fontSize\": \"16px\",\"height\": \"fit-content\",\"lineHeight\": \"1.4\",\"minWidth\": \"10px\",\"paddingBottom\": \"10px\",\"paddingLeft\": \"12px\",\"paddingRight\": \"12px\",\"paddingTop\": \"10px\",\"width\": \"fit-content\"},\"blockId\": \"geznu05ij\",\"children\": [],\"classes\": [],\"customAttributes\": {},\"dataKey\": null,\"element\": \"a\",\"innerHTML\": \"<p>Features</p>\",\"mobileStyles\": {},\"rawStyles\": {},\"tabletStyles\": {\"padding\": \"10px\"}},{\"attributes\": {\"href\": \"/about\"},\"baseStyles\": {\"fontSize\": \"16px\",\"height\": \"fit-content\",\"lineHeight\": \"1.4\",\"minWidth\": \"10px\",\"paddingBottom\": \"10px\",\"paddingLeft\": \"12px\",\"paddingRight\": \"12px\",\"paddingTop\": \"10px\",\"width\": \"fit-content\"},\"blockId\": \"mp4q703ic\",\"children\": [],\"classes\": [],\"customAttributes\": {},\"dataKey\": null,\"element\": \"a\",\"innerHTML\": \"<p>About us</p>\",\"mobileStyles\": {},\"rawStyles\": {},\"tabletStyles\": {\"padding\": \"10px\"}},{\"attributes\": {\"href\": \"/pricing\"},\"baseStyles\": {\"fontSize\": \"16px\",\"height\": \"fit-content\",\"lineHeight\": \"1.4\",\"minWidth\": \"10px\",\"paddingBottom\": \"10px\",\"paddingLeft\": \"12px\",\"paddingRight\": \"12px\",\"paddingTop\": \"10px\",\"width\": \"fit-content\"},\"blockId\": \"dbr8zdxrg\",\"children\": [],\"classes\": [],\"customAttributes\": {},\"dataKey\": null,\"element\": \"a\",\"innerHTML\": \"<p>Pricing</p>\",\"mobileStyles\": {},\"rawStyles\": {},\"tabletStyles\": {\"padding\": \"10px\"}}],\"classes\": [],\"customAttributes\": {},\"dataKey\": null,\"element\": \"nav\",\"mobileStyles\": {\"__last_display\": \"flex\",\"display\": \"none\"},\"rawStyles\": {},\"tabletStyles\": {\"gap\": \"0px\"}}],\"classes\": [],\"customAttributes\": {},\"dataKey\": null,\"element\": \"a\",\"mobileStyles\": {},\"rawStyles\": {},\"tabletStyles\": {\"gap\": \"30px\"}},{\"attributes\": {},\"baseStyles\": {\"alignItems\": \"center\",\"display\": \"flex\",\"flexDirection\": \"row\",\"flexShrink\": 0,\"gap\": \"8px\",\"height\": \"fit-content\",\"justifyContent\": \"center\",\"overflow\": \"hidden\",\"width\": \"fit-content\"},\"blockId\": \"s2m739lp7\",\"blockName\": \"container\",\"children\": [{\"attributes\": {\"href\": \"/login\"},\"baseStyles\": {\"fontSize\": \"16px\",\"height\": \"fit-content\",\"lineHeight\": \"1.4\",\"minWidth\": \"10px\",\"paddingBottom\": \"10px\",\"paddingLeft\": \"12px\",\"paddingRight\": \"12px\",\"paddingTop\": \"10px\",\"width\": \"fit-content\"},\"blockId\": \"l9v23eaw4\",\"children\": [],\"classes\": [],\"customAttributes\": {},\"dataKey\": null,\"element\": \"a\",\"innerHTML\": \"<p>Log in</p>\",\"mobileStyles\": {},\"rawStyles\": {},\"tabletStyles\": {\"padding\": \"10px\"}},{\"attributes\": {\"href\": \"/get-started\"},\"baseStyles\": {\"alignItems\": \"center\",\"background\": \"color(display-p3 0.090 0.090 0.090)\",\"borderRadius\": \"10px\",\"display\": \"flex\",\"flexDirection\": \"column\",\"flexShrink\": 0,\"justifyContent\": \"center\",\"overflow\": \"hidden\",\"paddingBottom\": \"10px\",\"paddingLeft\": \"12px\",\"paddingRight\": \"12px\",\"paddingTop\": \"10px\"},\"blockId\": \"ni08tqcr9\",\"blockName\": \"container\",\"children\": [{\"attributes\": {},\"baseStyles\": {\"color\": \"color(display-p3 1.000 1.000 1.000)\",\"fontFamily\": \"\",\"fontSize\": \"16px\",\"fontWeight\": \"500\",\"height\": \"fit-content\",\"letterSpacing\": \"0.005em\",\"lineHeight\": \"115%\",\"minWidth\": \"10px\",\"width\": \"fit-content\"},\"blockId\": \"98oddel44\",\"children\": [],\"classes\": [],\"customAttributes\": {},\"dataKey\": null,\"element\": \"p\",\"innerHTML\": \"<p>Get started</p>\",\"mobileStyles\": {},\"rawStyles\": {},\"tabletStyles\": {}}],\"classes\": [],\"customAttributes\": {},\"dataKey\": null,\"element\": \"a\",\"mobileStyles\": {},\"rawStyles\": {},\"tabletStyles\": {}}],\"classes\": [],\"customAttributes\": {},\"dataKey\": null,\"element\": \"div\",\"mobileStyles\": {\"__last_display\": \"flex\",\"display\": \"none\"},\"rawStyles\": {},\"tabletStyles\": {}},{\"attributes\": {},\"baseStyles\": {\"__last_display\": \"flex\",\"display\": \"none\",\"flexDirection\": \"column\",\"flexShrink\": 0,\"height\": \"fit-content\",\"overflow\": \"hidden\",\"width\": \"fit-content\"},\"blockId\": \"vydncgo65\",\"children\": [{\"attributes\": {},\"baseStyles\": {\"height\": \"18px\",\"width\": \"18px\"},\"blockId\": \"ae7k6drur\",\"children\": [],\"classes\": [],\"customAttributes\": {},\"dataKey\": null,\"element\": \"div\",\"innerHTML\": \"<svg viewBox=\\\"0 0 18 18\\\" fill=\\\"none\\\" xmlns=\\\"http://www.w3.org/2000/svg\\\">\\n<path fill-rule=\\\"evenodd\\\" clip-rule=\\\"evenodd\\\" d=\\\"M2.875 3.60059C2.875 3.32444 3.09886 3.10059 3.375 3.10059H14.625C14.9011 3.10059 15.125 3.32444 15.125 3.60059C15.125 3.87673 14.9011 4.10059 14.625 4.10059H3.375C3.09886 4.10059 2.875 3.87673 2.875 3.60059ZM2.875 9.00064C2.875 8.7245 3.09886 8.50064 3.375 8.50064H14.625C14.9011 8.50064 15.125 8.7245 15.125 9.00064C15.125 9.27678 14.9011 9.50064 14.625 9.50064H3.375C3.09886 9.50064 2.875 9.27678 2.875 9.00064ZM3.375 13.9007C3.09886 13.9007 2.875 14.1246 2.875 14.4007C2.875 14.6768 3.09886 14.9007 3.375 14.9007H14.625C14.9011 14.9007 15.125 14.6768 15.125 14.4007C15.125 14.1246 14.9011 13.9007 14.625 13.9007H3.375Z\\\" fill=\\\"#383838\\\" style=\\\"fill:#383838;fill:color(display-p3 0.2196 0.2196 0.2196);fill-opacity:1;\\\"></path>\\n</svg>\",\"mobileStyles\": {},\"originalElement\": \"__raw_html__\",\"rawStyles\": {},\"tabletStyles\": {}}],\"classes\": [],\"customAttributes\": {},\"dataKey\": null,\"element\": \"button\",\"mobileStyles\": {\"display\": \"flex\",\"paddingBottom\": \"7px\",\"paddingLeft\": \"7px\",\"paddingRight\": \"7px\",\"paddingTop\": \"7px\"},\"rawStyles\": {},\"tabletStyles\": {}}],\"classes\": [],\"customAttributes\": {},\"dataKey\": {\"key\": \"\",\"property\": \"\",\"type\": \"\"},\"element\": \"div\",\"mobileStyles\": {\"paddingLeft\": \"16px\",\"paddingRight\": \"16px\"},\"rawStyles\": {},\"tabletStyles\": {\"paddingLeft\": \"16px\",\"paddingRight\": \"16px\"}}],\"classes\": [],\"customAttributes\": {},\"dataKey\": {\"key\": \"\",\"property\": \"\",\"type\": \"\"},\"element\": \"header\",\"mobileStyles\": {},\"rawStyles\": {},\"tabletStyles\": {}}",
 "category": "Structure",
 "creation": "2024-09-17 11:44:33.077409",
 "docstatus": 0,
 "doctype": "Block Template",
 "idx": 0,
 "modified": "2024-09-29 21:08:20.795780",
 "modified_by": "Administrator",
 "name": "Navbar 2",
 "order": 3,
 "owner": "Administrator",
 "preview": "/builder_assets/Navbar 2/navbar_2.png",
 "preview_height": 1,
 "preview_width": 2,
 "template_name": "Navbar 2"
}