{
 "block": "{\"attributes\": {},\"baseStyles\": {\"alignItems\": \"center\",\"display\": \"flex\",\"flexDirection\": \"column\",\"flexShrink\": 0,\"gap\": \"15px\",\"justifyContent\": \"flex-start\",\"left\": \"auto\",\"maxWidth\": \"400px\",\"overflow\": \"hidden\",\"paddingBottom\": \"20px\",\"paddingLeft\": \"20px\",\"paddingRight\": \"20px\",\"paddingTop\": \"20px\",\"position\": \"static\",\"top\": \"auto\",\"width\": \"100%\"},\"blockId\": \"6um6dfg30\",\"children\": [{\"attributes\": {},\"baseStyles\": {\"display\": \"flex\",\"flexDirection\": \"row\",\"flexGrow\": 0,\"flexShrink\": 1,\"gap\": \"10px\",\"height\": \"fit-content\",\"overflow\": \"hidden\",\"position\": \"relative\",\"width\": \"100%\"},\"blockId\": \"kv3hkfwvl\",\"blockName\": \"container\",\"children\": [{\"attributes\": {\"placeholder\": \"First Name\"},\"baseStyles\": {\"borderColor\": \"#c9c9c9\",\"borderRadius\": \"4px\",\"borderStyle\": \"solid\",\"borderWidth\": \"1px\",\"display\": \"flex\",\"flexDirection\": \"column\",\"flexShrink\": 1,\"fontSize\": \"14px\",\"height\": \"32px\",\"overflow\": \"hidden\",\"position\": \"static\",\"width\": \"100%\"},\"blockId\": \"a6gbqj3zl\",\"children\": [],\"classes\": [],\"customAttributes\": {\"name\": \"first_name\",\"required\": \"true\"},\"dataKey\": null,\"element\": \"input\",\"mobileStyles\": {},\"rawStyles\": {},\"tabletStyles\": {}},{\"attributes\": {\"placeholder\": \"Last Name\"},\"baseStyles\": {\"borderColor\": \"#c9c9c9\",\"borderRadius\": \"4px\",\"borderStyle\": \"solid\",\"borderWidth\": \"1px\",\"display\": \"flex\",\"flexDirection\": \"column\",\"flexShrink\": 1,\"fontSize\": \"14px\",\"height\": \"32px\",\"overflow\": \"hidden\",\"position\": \"static\",\"width\": \"100%\"},\"blockId\": \"za6939gew\",\"children\": [],\"classes\": [],\"customAttributes\": {\"name\": \"last_name\",\"required\": \"true\"},\"dataKey\": null,\"element\": \"input\",\"mobileStyles\": {},\"rawStyles\": {},\"tabletStyles\": {}}],\"classes\": [],\"customAttributes\": {},\"dataKey\": null,\"element\": \"div\",\"mobileStyles\": {},\"rawStyles\": {},\"tabletStyles\": {}},{\"attributes\": {\"placeholder\": \"Email\"},\"baseStyles\": {\"borderColor\": \"#c9c9c9\",\"borderRadius\": \"4px\",\"borderStyle\": \"solid\",\"borderWidth\": \"1px\",\"display\": \"flex\",\"flexDirection\": \"column\",\"flexShrink\": 0,\"fontSize\": \"14px\",\"height\": \"32px\",\"overflow\": \"hidden\",\"position\": \"static\",\"width\": \"100%\"},\"blockId\": \"feg29l91n\",\"children\": [],\"classes\": [],\"customAttributes\": {\"name\": \"email\",\"required\": \"true\"},\"dataKey\": null,\"element\": \"input\",\"mobileStyles\": {},\"rawStyles\": {},\"tabletStyles\": {}},{\"attributes\": {\"placeholder\": \"Message\"},\"baseStyles\": {\"borderColor\": \"#c9c9c9\",\"borderRadius\": \"4px\",\"borderStyle\": \"solid\",\"borderWidth\": \"1px\",\"display\": \"flex\",\"flexDirection\": \"column\",\"flexShrink\": 0,\"fontSize\": \"14px\",\"height\": \"150px\",\"left\": \"auto\",\"overflow\": \"hidden\",\"position\": \"static\",\"top\": \"auto\",\"width\": \"100%\"},\"blockId\": \"j267ivzos\",\"children\": [],\"classes\": [],\"customAttributes\": {\"name\": \"message\",\"required\": \"true\"},\"dataKey\": null,\"element\": \"textarea\",\"mobileStyles\": {},\"rawStyles\": {},\"tabletStyles\": {}},{\"attributes\": {},\"baseStyles\": {\"alignItems\": \"center\",\"background\": \"#171717\",\"borderRadius\": \"4px\",\"display\": \"flex\",\"flexDirection\": \"column\",\"height\": \"fit-content\",\"justifyContent\": \"flex-start\",\"padding\": \"6px 8px\",\"width\": \"100%\"},\"blockId\": \"m68wwxf5e\",\"children\": [{\"attributes\": {},\"baseStyles\": {\"color\": \"var(--neutral-white, #FFF)\",\"fontSize\": \"14px\",\"fontWeight\": \"420\",\"height\": \"fit-content\",\"left\": \"auto\",\"letterSpacing\": \"0.28px\",\"lineHeight\": \"115%\",\"minWidth\": \"30px\",\"position\": \"static\",\"top\": \"auto\",\"width\": \"fit-content\"},\"blockId\": \"0aw9cg9y7\",\"children\": [],\"classes\": [\"__text_block__\"],\"customAttributes\": {},\"dataKey\": null,\"element\": \"p\",\"innerHTML\": \"<p>Submit</p>\",\"mobileStyles\": {},\"rawStyles\": {},\"tabletStyles\": {}}],\"classes\": [\"\"],\"customAttributes\": {},\"dataKey\": null,\"element\": \"button\",\"mobileStyles\": {},\"rawStyles\": {\"flex-shrink\": \"0\",\"hover:background\": \"#383838\",\"transition\": \"all 0.1s ease-out\"},\"tabletStyles\": {}}],\"classes\": [],\"customAttributes\": {},\"dataKey\": null,\"element\": \"form\",\"mobileStyles\": {},\"rawStyles\": {},\"tabletStyles\": {}}",
 "category": "Basic Forms",
 "creation": "2024-07-12 00:19:26.657647",
 "docstatus": 0,
 "doctype": "Block Template",
 "idx": 0,
 "modified": "2024-09-19 13:12:17.932679",
 "modified_by": "Administrator",
 "name": "Form 3",
 "order": 16,
 "owner": "Administrator",
 "preview": "/builder_assets/Form 3/form-3.png",
 "preview_height": 1,
 "preview_width": 1,
 "template_name": "Form 3"
}