{
 "block": "{\"attributes\": {},\"baseStyles\": {\"alignItems\": \"center\",\"display\": \"flex\",\"flexDirection\": \"column\",\"flexShrink\": 0,\"height\": \"fit-content\",\"justifyContent\": \"center\",\"overflow\": \"hidden\",\"position\": \"relative\",\"width\": \"100%\"},\"blockId\": \"xiuhb9ky8\",\"blockName\": \"hero\",\"children\": [{\"attributes\": {},\"baseStyles\": {\"alignItems\": \"center\",\"display\": \"flex\",\"flexDirection\": \"row\",\"flexShrink\": 0,\"gap\": \"16px\",\"justifyContent\": \"space-between\",\"maxWidth\": \"1200px\",\"overflow\": \"hidden\",\"paddingBottom\": \"120px\",\"paddingLeft\": \"80px\",\"paddingRight\": \"0px\",\"paddingTop\": \"120px\",\"position\": \"static\",\"width\": \"100%\"},\"blockId\": \"q7z15h823\",\"blockName\": \"container\",\"children\": [{\"attributes\": {},\"baseStyles\": {\"display\": \"flex\",\"flexDirection\": \"column\",\"flexShrink\": 0,\"gap\": \"10px\",\"height\": \"fit-content\",\"overflow\": \"hidden\",\"position\": \"relative\",\"width\": \"fit-content\"},\"blockId\": \"vhdziphwj\",\"blockName\": \"container\",\"children\": [{\"attributes\": {\"href\": \"/whats-new\"},\"baseStyles\": {\"alignItems\": \"center\",\"borderColor\": \"#EDEDED\",\"borderRadius\": \"100px\",\"borderStyle\": \"solid\",\"borderWidth\": \"1px\",\"display\": \"flex\",\"flexDirection\": \"column\",\"flexShrink\": 0,\"justifyContent\": \"center\",\"overflow\": \"hidden\",\"paddingBottom\": \"4.5px\",\"paddingLeft\": \"8px\",\"paddingRight\": \"8px\",\"paddingTop\": \"4.5px\",\"position\": \"static\",\"width\": \"fit-content\"},\"blockId\": \"m9j6t0ttk\",\"blockName\": \"whats-new\",\"children\": [{\"attributes\": {},\"baseStyles\": {\"color\": \"var(--text-icons-gray-6, #525252)\",\"fontFamily\": \"\",\"fontSize\": \"13px\",\"fontWeight\": \"400\",\"height\": \"fit-content\",\"letterSpacing\": \"0.065px\",\"lineHeight\": \"115%\",\"minWidth\": \"10px\",\"width\": \"fit-content\"},\"blockId\": \"8ahpfu1ke\",\"children\": [],\"classes\": [],\"customAttributes\": {},\"dataKey\": null,\"element\": \"p\",\"innerHTML\": \"<p>What\\u2019s new</p>\",\"mobileStyles\": {},\"rawStyles\": {},\"tabletStyles\": {}}],\"classes\": [],\"customAttributes\": {},\"dataKey\": null,\"element\": \"a\",\"mobileStyles\": {},\"rawStyles\": {},\"tabletStyles\": {}},{\"attributes\": {},\"baseStyles\": {\"color\": \"#171717\",\"fontFamily\": \"\",\"fontSize\": \"48px\",\"fontWeight\": \"700\",\"height\": \"fit-content\",\"letterSpacing\": \"0.48px\",\"lineHeight\": \"104%\",\"maxWidth\": \"450px\",\"minWidth\": \"10px\",\"textAlign\": \"left\",\"width\": \"fit-content\"},\"blockId\": \"hhltxd6fl\",\"children\": [],\"classes\": [],\"customAttributes\": {},\"dataKey\": null,\"element\": \"h1\",\"innerHTML\": \"Craft websites with striking style.\",\"mobileStyles\": {\"fontSize\": \"34px\",\"paddingLeft\": \"0px\",\"paddingRight\": \"0px\"},\"rawStyles\": {},\"tabletStyles\": {\"fontSize\": \"40px\",\"maxWidth\": \"300px\"}},{\"attributes\": {},\"baseStyles\": {\"color\": \"#525252\",\"fontFamily\": \"\",\"fontSize\": \"16px\",\"fontWeight\": \"500\",\"height\": \"fit-content\",\"letterSpacing\": \"-0.08px\",\"lineHeight\": \"150%\",\"maxWidth\": \"350px\",\"minWidth\": \"10px\",\"textAlign\": \"left\",\"width\": \"fit-content\"},\"blockId\": \"bjdfr96pk\",\"children\": [],\"classes\": [],\"customAttributes\": {},\"dataKey\": null,\"element\": \"p\",\"innerHTML\": \"<p>Transform your designs into stunning websites with Frappe builder, the ultimate web builder for creative pros.</p>\",\"mobileStyles\": {\"paddingLeft\": \"0px\",\"paddingRight\": \"0px\"},\"rawStyles\": {},\"tabletStyles\": {\"maxWidth\": \"300px\"}},{\"attributes\": {},\"baseStyles\": {\"display\": \"flex\",\"flexDirection\": \"row\",\"flexShrink\": 0,\"gap\": \"12px\",\"height\": \"fit-content\",\"marginTop\": \"15px\",\"overflow\": \"hidden\",\"width\": \"fit-content\"},\"blockId\": \"0swftvl8l\",\"blockName\": \"container\",\"children\": [{\"attributes\": {\"href\": \"/get-started\"},\"baseStyles\": {\"alignItems\": \"center\",\"background\": \"#171717\",\"borderRadius\": \"12px\",\"display\": \"flex\",\"flexDirection\": \"column\",\"height\": \"fit-content\",\"justifyContent\": \"center\",\"paddingBottom\": \"12px\",\"paddingLeft\": \"14px\",\"paddingRight\": \"14px\",\"paddingTop\": \"12px\",\"width\": \"fit-content\"},\"blockId\": \"vij8cbaa3\",\"blockName\": \"get-started\",\"children\": [{\"attributes\": {},\"baseStyles\": {\"color\": \"var(--neutral-white, #FFF)\",\"fontSize\": \"14px\",\"fontWeight\": \"420\",\"height\": \"fit-content\",\"left\": \"auto\",\"letterSpacing\": \"0.28px\",\"lineHeight\": \"115%\",\"minWidth\": \"30px\",\"position\": \"static\",\"top\": \"auto\",\"width\": \"fit-content\"},\"blockId\": \"si77pxsal\",\"children\": [],\"classes\": [\"__text_block__\"],\"customAttributes\": {},\"dataKey\": null,\"element\": \"p\",\"innerHTML\": \"<p>Get Started</p>\",\"mobileStyles\": {},\"rawStyles\": {},\"tabletStyles\": {}}],\"classes\": [\"__text_block__\"],\"customAttributes\": {},\"dataKey\": null,\"element\": \"a\",\"mobileStyles\": {},\"rawStyles\": {\"flex-shrink\": \"0\",\"hover:background\": \"#383838\",\"transition\": \"all 0.1s ease-out\"},\"tabletStyles\": {\"paddingBottom\": \"10px\",\"paddingLeft\": \"12px\",\"paddingRight\": \"12px\",\"paddingTop\": \"10px\"}},{\"attributes\": {\"href\": \"/learn-more\"},\"baseStyles\": {\"alignItems\": \"center\",\"background\": \"#F3F3F3\",\"borderRadius\": \"12px\",\"display\": \"flex\",\"flexDirection\": \"column\",\"height\": \"fit-content\",\"justifyContent\": \"center\",\"paddingBottom\": \"12px\",\"paddingLeft\": \"14px\",\"paddingRight\": \"14px\",\"paddingTop\": \"12px\",\"width\": \"fit-content\"},\"blockId\": \"ly49oj9jh\",\"blockName\": \"learn-more\",\"children\": [{\"attributes\": {},\"baseStyles\": {\"color\": \"#383838\",\"fontSize\": \"14px\",\"fontWeight\": \"420\",\"height\": \"fit-content\",\"left\": \"auto\",\"letterSpacing\": \"0.28px\",\"lineHeight\": \"115%\",\"minWidth\": \"30px\",\"position\": \"static\",\"top\": \"auto\",\"width\": \"fit-content\"},\"blockId\": \"g2x4nidta\",\"children\": [],\"classes\": [\"__text_block__\"],\"customAttributes\": {},\"dataKey\": null,\"element\": \"p\",\"innerHTML\": \"<p>Learn More</p>\",\"mobileStyles\": {},\"rawStyles\": {},\"tabletStyles\": {}}],\"classes\": [\"__text_block__\"],\"customAttributes\": {},\"dataKey\": null,\"element\": \"a\",\"mobileStyles\": {},\"rawStyles\": {\"flex-shrink\": \"0\",\"hover:background\": \"#383838\",\"transition\": \"all 0.1s ease-out\"},\"tabletStyles\": {\"paddingBottom\": \"10px\",\"paddingLeft\": \"12px\",\"paddingRight\": \"12px\",\"paddingTop\": \"10px\"}}],\"classes\": [],\"customAttributes\": {},\"dataKey\": null,\"element\": \"div\",\"mobileStyles\": {},\"rawStyles\": {},\"tabletStyles\": {}}],\"classes\": [],\"customAttributes\": {},\"dataKey\": null,\"element\": \"div\",\"mobileStyles\": {},\"rawStyles\": {},\"tabletStyles\": {}},{\"attributes\": {\"src\": \"/builder_assets/Hero 2/image0ccb3c.webp\"},\"baseStyles\": {\"borderRadius\": \"50px\",\"flexShrink\": 0,\"height\": \"360px\",\"objectFit\": \"cover\"},\"blockId\": \"5irh6smpx\",\"children\": [],\"classes\": [],\"customAttributes\": {},\"dataKey\": null,\"element\": \"img\",\"mobileStyles\": {},\"rawStyles\": {},\"tabletStyles\": {}}],\"classes\": [],\"customAttributes\": {},\"dataKey\": null,\"element\": \"div\",\"mobileStyles\": {\"alignItems\": \"flex-start\",\"flexDirection\": \"column\",\"gap\": \"40px\",\"justifyContent\": \"center\",\"paddingBottom\": \"120px\",\"paddingLeft\": \"20px\",\"paddingRight\": \"20px\"},\"rawStyles\": {},\"tabletStyles\": {\"paddingLeft\": \"60px\",\"paddingRight\": \"60px\"}}],\"classes\": [],\"customAttributes\": {},\"dataKey\": null,\"element\": \"section\",\"mobileStyles\": {},\"rawStyles\": {},\"tabletStyles\": {}}",
 "category": "Structure",
 "creation": "2024-09-17 14:08:36.529314",
 "docstatus": 0,
 "doctype": "Block Template",
 "idx": 0,
 "modified": "2025-03-29 13:47:45.015311",
 "modified_by": "Administrator",
 "name": "Hero 2",
 "order": 5,
 "owner": "Administrator",
 "preview": "/builder_assets/Hero 2/hero_2.png",
 "preview_height": 2,
 "preview_width": 2,
 "template_name": "Hero 2"
}
