{
 "actions": [],
 "allow_rename": 1,
 "creation": "2023-11-20 09:08:33.518873",
 "doctype": "DocType",
 "editable_grid": 1,
 "engine": "InnoDB",
 "field_order": [
  "builder_script"
 ],
 "fields": [
  {
   "fieldname": "builder_script",
   "fieldtype": "Link",
   "in_list_view": 1,
   "label": "Builder Script",
   "options": "Builder Client Script",
   "reqd": 1
  }
 ],
 "index_web_pages_for_search": 1,
 "istable": 1,
 "links": [],
 "modified": "2023-11-21 12:47:20.938211",
 "modified_by": "Administrator",
 "module": "Builder",
 "name": "Builder Page Client Script",
 "owner": "Administrator",
 "permissions": [],
 "sort_field": "modified",
 "sort_order": "DESC",
 "states": []
}