{
 "block": "{\"attributes\": {},\"baseStyles\": {\"alignItems\": \"center\",\"display\": \"flex\",\"flexDirection\": \"column\",\"flexShrink\": 0,\"gap\": \"10px\",\"justifyContent\": \"center\",\"overflow\": \"hidden\",\"paddingBottom\": \"0px\",\"paddingTop\": \"0px\",\"position\": \"static\",\"width\": \"100%\"},\"blockId\": \"q7z15h823\",\"blockName\": \"hero\",\"children\": [{\"attributes\": {},\"baseStyles\": {\"alignItems\": \"center\",\"display\": \"flex\",\"flexDirection\": \"column\",\"flexShrink\": 0,\"gap\": \"10px\",\"justifyContent\": \"center\",\"maxWidth\": \"1200px\",\"overflow\": \"hidden\",\"paddingBottom\": \"200px\",\"paddingTop\": \"200px\",\"position\": \"static\",\"width\": \"100%\"},\"blockId\": \"1w6wekyhh\",\"blockName\": \"wrapper\",\"children\": [{\"attributes\": {\"href\": \"/whats-new\"},\"baseStyles\": {\"alignItems\": \"center\",\"borderColor\": \"#EDEDED\",\"borderRadius\": \"100px\",\"borderStyle\": \"solid\",\"borderWidth\": \"1px\",\"display\": \"flex\",\"flexDirection\": \"column\",\"flexShrink\": 0,\"justifyContent\": \"center\",\"overflow\": \"hidden\",\"paddingBottom\": \"4.5px\",\"paddingLeft\": \"8px\",\"paddingRight\": \"8px\",\"paddingTop\": \"4.5px\",\"position\": \"static\"},\"blockId\": \"pml2z8px1\",\"blockName\": \"whats-new\",\"children\": [{\"attributes\": {},\"baseStyles\": {\"color\": \"var(--text-icons-gray-6, #525252)\",\"fontFamily\": \"\",\"fontSize\": \"13px\",\"fontWeight\": \"400\",\"height\": \"fit-content\",\"letterSpacing\": \"0.065px\",\"lineHeight\": \"115%\",\"minWidth\": \"10px\",\"width\": \"fit-content\"},\"blockId\": \"l3okvvbip\",\"children\": [],\"classes\": [],\"customAttributes\": {},\"dataKey\": null,\"element\": \"p\",\"innerHTML\": \"<p>What\\u2019s new</p>\",\"mobileStyles\": {},\"rawStyles\": {},\"tabletStyles\": {}}],\"classes\": [],\"customAttributes\": {},\"dataKey\": null,\"element\": \"a\",\"mobileStyles\": {},\"rawStyles\": {},\"tabletStyles\": {}},{\"attributes\": {},\"baseStyles\": {\"color\": \"#171717\",\"fontFamily\": \"\",\"fontSize\": \"48px\",\"fontWeight\": \"bold\",\"height\": \"fit-content\",\"letterSpacing\": \"0.48px\",\"lineHeight\": \"140%\",\"minWidth\": \"10px\",\"textAlign\": \"center\",\"width\": \"fit-content\"},\"blockId\": \"rdxw5m4ba\",\"children\": [],\"classes\": [],\"customAttributes\": {},\"dataKey\": null,\"element\": \"h1\",\"innerHTML\": \"Craft websites with striking style.\",\"mobileStyles\": {\"fontSize\": \"32px\",\"paddingLeft\": \"26px\",\"paddingRight\": \"26px\"},\"rawStyles\": {},\"tabletStyles\": {\"fontSize\": \"40px\"}},{\"attributes\": {},\"baseStyles\": {\"color\": \"#525252\",\"fontFamily\": \"\",\"fontSize\": \"16px\",\"fontWeight\": \"500\",\"height\": \"fit-content\",\"letterSpacing\": \"-0.08px\",\"lineHeight\": \"150%\",\"maxWidth\": \"518px\",\"minWidth\": \"10px\",\"textAlign\": \"center\",\"width\": \"fit-content\"},\"blockId\": \"z09gantla\",\"children\": [],\"classes\": [],\"customAttributes\": {},\"dataKey\": null,\"element\": \"p\",\"innerHTML\": \"<p>Transform your designs into stunning websites with Frappe builder, the ultimate web builder for creative pros.</p>\",\"mobileStyles\": {\"paddingLeft\": \"30px\",\"paddingRight\": \"30px\"},\"rawStyles\": {},\"tabletStyles\": {}},{\"attributes\": {},\"baseStyles\": {\"display\": \"flex\",\"flexDirection\": \"row\",\"flexShrink\": 0,\"gap\": \"12px\",\"height\": \"fit-content\",\"marginTop\": \"26px\",\"overflow\": \"hidden\",\"width\": \"fit-content\"},\"blockId\": \"cd342xgme\",\"blockName\": \"actions\",\"children\": [{\"attributes\": {\"href\": \"/get-started\"},\"baseStyles\": {\"alignItems\": \"center\",\"background\": \"#171717\",\"borderRadius\": \"12px\",\"display\": \"flex\",\"flexDirection\": \"column\",\"height\": \"fit-content\",\"justifyContent\": \"center\",\"paddingBottom\": \"12px\",\"paddingLeft\": \"14px\",\"paddingRight\": \"14px\",\"paddingTop\": \"12px\",\"width\": \"fit-content\"},\"blockId\": \"a6fy7yivx\",\"blockName\": \"get-started\",\"children\": [{\"attributes\": {},\"baseStyles\": {\"color\": \"var(--neutral-white, #FFF)\",\"fontSize\": \"14px\",\"fontWeight\": \"420\",\"height\": \"fit-content\",\"left\": \"auto\",\"letterSpacing\": \"0.28px\",\"lineHeight\": \"115%\",\"minWidth\": \"30px\",\"position\": \"static\",\"top\": \"auto\",\"width\": \"fit-content\"},\"blockId\": \"9vliuvghj\",\"children\": [],\"classes\": [\"__text_block__\"],\"customAttributes\": {},\"dataKey\": null,\"element\": \"p\",\"innerHTML\": \"<p>Get Started</p>\",\"mobileStyles\": {},\"rawStyles\": {},\"tabletStyles\": {}}],\"classes\": [\"__text_block__\"],\"customAttributes\": {},\"dataKey\": null,\"element\": \"a\",\"mobileStyles\": {},\"rawStyles\": {\"flex-shrink\": \"0\",\"hover:background\": \"#383838\",\"transition\": \"all 0.1s ease-out\"},\"tabletStyles\": {\"paddingBottom\": \"10px\",\"paddingLeft\": \"12px\",\"paddingRight\": \"12px\",\"paddingTop\": \"10px\"}},{\"attributes\": {\"href\": \"/learn-more\"},\"baseStyles\": {\"alignItems\": \"center\",\"background\": \"#F3F3F3\",\"borderRadius\": \"12px\",\"display\": \"flex\",\"flexDirection\": \"column\",\"height\": \"fit-content\",\"justifyContent\": \"center\",\"paddingBottom\": \"12px\",\"paddingLeft\": \"14px\",\"paddingRight\": \"14px\",\"paddingTop\": \"12px\",\"width\": \"fit-content\"},\"blockId\": \"xglze3bl4\",\"blockName\": \"learn-more\",\"children\": [{\"attributes\": {},\"baseStyles\": {\"color\": \"#383838\",\"fontSize\": \"14px\",\"fontWeight\": \"420\",\"height\": \"fit-content\",\"left\": \"auto\",\"letterSpacing\": \"0.28px\",\"lineHeight\": \"115%\",\"minWidth\": \"30px\",\"position\": \"static\",\"top\": \"auto\",\"width\": \"fit-content\"},\"blockId\": \"0abw8dupb\",\"children\": [],\"classes\": [\"__text_block__\"],\"customAttributes\": {},\"dataKey\": null,\"element\": \"p\",\"innerHTML\": \"<p>Learn More</p>\",\"mobileStyles\": {},\"rawStyles\": {},\"tabletStyles\": {}}],\"classes\": [\"__text_block__\"],\"customAttributes\": {},\"dataKey\": null,\"element\": \"a\",\"mobileStyles\": {},\"rawStyles\": {\"flex-shrink\": \"0\",\"hover:background\": \"#383838\",\"transition\": \"all 0.1s ease-out\"},\"tabletStyles\": {\"paddingBottom\": \"10px\",\"paddingLeft\": \"12px\",\"paddingRight\": \"12px\",\"paddingTop\": \"10px\"}}],\"classes\": [],\"customAttributes\": {},\"dataKey\": null,\"element\": \"div\",\"mobileStyles\": {},\"rawStyles\": {},\"tabletStyles\": {}}],\"classes\": [],\"customAttributes\": {},\"dataKey\": null,\"element\": \"div\",\"mobileStyles\": {},\"rawStyles\": {},\"tabletStyles\": {}}],\"classes\": [],\"customAttributes\": {},\"dataKey\": null,\"element\": \"section\",\"mobileStyles\": {},\"rawStyles\": {},\"tabletStyles\": {}}",
 "category": "Structure",
 "creation": "2024-09-17 12:24:13.824273",
 "docstatus": 0,
 "doctype": "Block Template",
 "idx": 0,
 "modified": "2024-09-19 13:08:25.812814",
 "modified_by": "Administrator",
 "name": "Hero 1",
 "order": 4,
 "owner": "Administrator",
 "preview": "/builder_assets/Hero 1/hero_1.png",
 "preview_height": 2,
 "preview_width": 2,
 "template_name": "Hero 1"
}