{
 "block": "{\"attributes\": {},\"baseStyles\": {\"alignItems\": \"center\",\"display\": \"flex\",\"flexDirection\": \"column\",\"flexShrink\": 0,\"height\": \"fit-content\",\"justifyContent\": \"center\",\"overflow\": \"hidden\",\"width\": \"100%\"},\"blockId\": \"80gz6xaq2\",\"blockName\": \"testimonial-wrapper\",\"children\": [{\"attributes\": {},\"baseStyles\": {\"alignItems\": \"center\",\"background\": \"rgb(255, 255, 255)\",\"borderRadius\": \"0px\",\"display\": \"flex\",\"flexDirection\": \"row\",\"justifyContent\": \"space-between\",\"maxWidth\": \"1200px\",\"paddingBottom\": \"70px\",\"paddingLeft\": \"40px\",\"paddingRight\": \"40px\",\"paddingTop\": \"70px\",\"width\": \"100%\"},\"blockId\": \"uoi8pxczq\",\"children\": [{\"attributes\": {},\"baseStyles\": {\"alignItems\": \"center\",\"background\": \"rgb(255, 255, 255)\",\"borderColor\": \"rgb(237, 237, 237)\",\"borderRadius\": \"34px\",\"borderWidth\": \"1px\",\"display\": \"flex\",\"flexDirection\": \"row\",\"gap\": \"6px\",\"justifyContent\": \"center\",\"paddingBottom\": \"10px\",\"paddingLeft\": \"10px\",\"paddingRight\": \"10px\",\"paddingTop\": \"10px\"},\"blockId\": \"wfk91yvhp\",\"blockName\": \"prev-button\",\"children\": [{\"attributes\": {},\"baseStyles\": {\"height\": \"21px\",\"width\": \"20px\"},\"blockId\": \"iew39254n\",\"children\": [],\"classes\": [],\"customAttributes\": {},\"dataKey\": null,\"element\": \"div\",\"innerHTML\": \"<svg viewBox=\\\"0 0 20 21\\\" fill=\\\"none\\\" xmlns=\\\"http://www.w3.org/2000/svg\\\">\\n<path fill-rule=\\\"evenodd\\\" clip-rule=\\\"evenodd\\\" d=\\\"M12.8536 3.89645C13.0488 4.09171 13.0488 4.40829 12.8536 4.60355L6.95711 10.5L12.8536 16.3964C13.0488 16.5917 13.0488 16.9083 12.8536 17.1036C12.6583 17.2988 12.3417 17.2988 12.1464 17.1036L5.89645 10.8536C5.70118 10.6583 5.70118 10.3417 5.89645 10.1464L12.1464 3.89645C12.3417 3.70118 12.6583 3.70118 12.8536 3.89645Z\\\" fill=\\\"#383838\\\" style=\\\"fill:#383838;fill:color(display-p3 0.2196 0.2196 0.2196);fill-opacity:1;\\\"></path>\\n</svg>\",\"mobileStyles\": {},\"originalElement\": \"__raw_html__\",\"rawStyles\": {},\"tabletStyles\": {}}],\"classes\": [],\"customAttributes\": {},\"dataKey\": null,\"element\": \"button\",\"innerHTML\": \"\",\"mobileStyles\": {\"paddingBottom\": \"5px\",\"paddingLeft\": \"5px\",\"paddingRight\": \"5px\",\"paddingTop\": \"5px\"},\"originalElement\": \"\",\"rawStyles\": {},\"tabletStyles\": {}},{\"attributes\": {},\"baseStyles\": {\"alignItems\": \"center\",\"borderRadius\": \"0px\",\"display\": \"flex\",\"flexDirection\": \"column\",\"gap\": \"72px\",\"justifyContent\": \"flex-start\",\"paddingBottom\": \"0px\",\"paddingLeft\": \"0px\",\"paddingRight\": \"0px\",\"paddingTop\": \"0px\"},\"blockId\": \"eakp683av\",\"blockName\": \"content\",\"children\": [{\"attributes\": {},\"baseStyles\": {\"alignItems\": \"center\",\"borderRadius\": \"0px\",\"display\": \"flex\",\"flexDirection\": \"column\",\"gap\": \"40px\",\"justifyContent\": \"flex-start\",\"maxWidth\": \"560px\",\"paddingBottom\": \"0px\",\"paddingLeft\": \"0px\",\"paddingRight\": \"0px\",\"paddingTop\": \"0px\"},\"blockId\": \"g44wdzdfd\",\"blockName\": \"testimony\",\"children\": [{\"attributes\": {\"src\": \"/builder_assets/Testimonial 1/imagebab78c.webp\"},\"baseStyles\": {\"background\": \"url(image.png)\",\"flexShrink\": 0,\"height\": \"35px\",\"objectFit\": \"cover\",\"width\": \"104px\"},\"blockId\": \"vnpylp2pu\",\"blockName\": \"logo\",\"children\": [],\"classes\": [],\"customAttributes\": {},\"dataKey\": null,\"element\": \"img\",\"mobileStyles\": {},\"rawStyles\": {},\"tabletStyles\": {}},{\"attributes\": {},\"baseStyles\": {\"alignItems\": \"center\",\"color\": \"rgb(23, 23, 23)\",\"display\": \"flex\",\"fontSize\": \"24px\",\"letterSpacing\": \"0px\",\"lineHeight\": \"139.9999976158142%\",\"textAlign\": \"center\"},\"blockId\": \"7ps8gs1gs\",\"children\": [],\"classes\": [],\"customAttributes\": {},\"dataKey\": null,\"element\": \"p\",\"innerHTML\": \"<p>A world-class design system project is currently underway. I've been fortunate enough to beta test it. Keep tracking this - it might turn into the perfect design system for your upcoming side project or new SaaS platform.</p>\",\"mobileStyles\": {\"color\": \"color(display-p3 0.090 0.090 0.090)\",\"fontSize\": \"18px\",\"fontWeight\": \"500\",\"letterSpacing\": \"-0.01em\",\"lineHeight\": \"150%\",\"textAlign\": \"center\"},\"originalElement\": \"\",\"rawStyles\": {},\"tabletStyles\": {}}],\"classes\": [],\"customAttributes\": {},\"dataKey\": null,\"element\": \"section\",\"innerHTML\": \"\",\"mobileStyles\": {},\"originalElement\": \"\",\"rawStyles\": {},\"tabletStyles\": {}},{\"attributes\": {},\"baseStyles\": {\"alignItems\": \"center\",\"borderRadius\": \"0px\",\"display\": \"flex\",\"flexDirection\": \"column\",\"gap\": \"4px\",\"justifyContent\": \"flex-start\",\"paddingBottom\": \"0px\",\"paddingLeft\": \"0px\",\"paddingRight\": \"0px\",\"paddingTop\": \"0px\"},\"blockId\": \"i88odt6fm\",\"blockName\": \"testimony-by\",\"children\": [{\"attributes\": {},\"baseStyles\": {\"alignItems\": \"center\",\"color\": \"rgb(23, 23, 23)\",\"display\": \"flex\",\"fontSize\": \"18px\",\"letterSpacing\": \"1%\",\"lineHeight\": \"114.99999761581421%\",\"textAlign\": \"center\"},\"blockId\": \"b5ohij9kn\",\"children\": [],\"classes\": [],\"customAttributes\": {},\"dataKey\": null,\"element\": \"p\",\"innerHTML\": \"<p>Lynn Tanner</p>\",\"mobileStyles\": {},\"originalElement\": \"\",\"rawStyles\": {},\"tabletStyles\": {}},{\"attributes\": {},\"baseStyles\": {\"alignItems\": \"center\",\"color\": \"rgb(82, 82, 82)\",\"display\": \"flex\",\"fontSize\": \"14px\",\"letterSpacing\": \"0%\",\"lineHeight\": \"150%\",\"textAlign\": \"center\"},\"blockId\": \"fdjz2ork4\",\"children\": [],\"classes\": [],\"customAttributes\": {},\"dataKey\": null,\"element\": \"p\",\"innerHTML\": \"<p>Chief Technology Officer, Notion</p>\",\"mobileStyles\": {},\"originalElement\": \"\",\"rawStyles\": {},\"tabletStyles\": {}}],\"classes\": [],\"customAttributes\": {},\"dataKey\": null,\"element\": \"section\",\"innerHTML\": \"\",\"mobileStyles\": {},\"originalElement\": \"\",\"rawStyles\": {},\"tabletStyles\": {}}],\"classes\": [],\"customAttributes\": {},\"dataKey\": null,\"element\": \"section\",\"innerHTML\": \"\",\"mobileStyles\": {},\"originalElement\": \"\",\"rawStyles\": {},\"tabletStyles\": {}},{\"attributes\": {},\"baseStyles\": {\"alignItems\": \"center\",\"background\": \"rgb(255, 255, 255)\",\"borderColor\": \"rgb(237, 237, 237)\",\"borderRadius\": \"100px\",\"borderWidth\": \"1px\",\"display\": \"flex\",\"flexDirection\": \"row\",\"gap\": \"6px\",\"justifyContent\": \"center\",\"paddingBottom\": \"10px\",\"paddingLeft\": \"10px\",\"paddingRight\": \"10px\",\"paddingTop\": \"10px\"},\"blockId\": \"nq0wglh9f\",\"blockName\": \"next-button\",\"children\": [{\"attributes\": {},\"baseStyles\": {\"height\": \"21px\",\"width\": \"20px\"},\"blockId\": \"zblz7t7ov\",\"children\": [],\"classes\": [],\"customAttributes\": {},\"dataKey\": null,\"element\": \"div\",\"innerHTML\": \"<svg viewBox=\\\"0 0 20 21\\\" fill=\\\"none\\\" xmlns=\\\"http://www.w3.org/2000/svg\\\">\\n<path fill-rule=\\\"evenodd\\\" clip-rule=\\\"evenodd\\\" d=\\\"M7.14645 17.1036C6.95118 16.9083 6.95118 16.5917 7.14645 16.3964L13.0429 10.5L7.14645 4.60355C6.95118 4.40829 6.95118 4.09171 7.14645 3.89645C7.34171 3.70118 7.65829 3.70118 7.85355 3.89645L14.1036 10.1464C14.2988 10.3417 14.2988 10.6583 14.1036 10.8536L7.85355 17.1036C7.65829 17.2988 7.34171 17.2988 7.14645 17.1036Z\\\" fill=\\\"#383838\\\" style=\\\"fill:#383838;fill:color(display-p3 0.2196 0.2196 0.2196);fill-opacity:1;\\\"></path>\\n</svg>\",\"mobileStyles\": {},\"originalElement\": \"__raw_html__\",\"rawStyles\": {},\"tabletStyles\": {}}],\"classes\": [],\"customAttributes\": {},\"dataKey\": null,\"element\": \"button\",\"innerHTML\": \"\",\"mobileStyles\": {\"paddingBottom\": \"5px\",\"paddingLeft\": \"5px\",\"paddingRight\": \"5px\",\"paddingTop\": \"5px\"},\"originalElement\": \"\",\"rawStyles\": {},\"tabletStyles\": {}}],\"classes\": [],\"customAttributes\": {},\"dataKey\": null,\"element\": \"section\",\"innerHTML\": \"\",\"mobileStyles\": {\"paddingLeft\": \"30px\",\"paddingRight\": \"30px\"},\"originalElement\": \"\",\"rawStyles\": {},\"tabletStyles\": {}}],\"classes\": [],\"customAttributes\": {},\"dataKey\": null,\"element\": \"div\",\"mobileStyles\": {},\"rawStyles\": {},\"tabletStyles\": {}}",
 "category": "Structure",
 "creation": "2024-09-18 19:38:39.294613",
 "docstatus": 0,
 "doctype": "Block Template",
 "idx": 0,
 "modified": "2024-10-14 00:05:16.066806",
 "modified_by": "Administrator",
 "name": "Testimonial 1",
 "order": 6,
 "owner": "Administrator",
 "preview": "/builder_assets/Testimonial 1/testimonial_1.png",
 "preview_height": 2,
 "preview_width": 2,
 "template_name": "Testimonial 1"
}