{
 "block": "{\"attributes\": {},\"baseStyles\": {\"display\": \"flex\",\"flexDirection\": \"column\",\"flexShrink\": 0,\"gap\": \"15px\",\"left\": \"auto\",\"maxWidth\": \"400px\",\"overflow\": \"hidden\",\"paddingBottom\": \"20px\",\"paddingLeft\": \"20px\",\"paddingRight\": \"20px\",\"paddingTop\": \"20px\",\"position\": \"static\",\"top\": \"auto\",\"width\": \"100%\"},\"blockId\": \"2e45tti0c\",\"children\": [{\"attributes\": {\"placeholder\": \"Full Name\"},\"baseStyles\": {\"borderColor\": \"#c9c9c9\",\"borderRadius\": \"4px\",\"borderStyle\": \"solid\",\"borderWidth\": \"1px\",\"display\": \"flex\",\"flexDirection\": \"column\",\"flexShrink\": 0,\"fontSize\": \"14px\",\"height\": \"32px\",\"overflow\": \"hidden\",\"position\": \"static\",\"width\": \"100%\"},\"blockId\": \"86oxik4s9\",\"children\": [],\"classes\": [],\"customAttributes\": {\"name\": \"full_name\",\"required\": \"true\"},\"dataKey\": null,\"element\": \"input\",\"mobileStyles\": {},\"rawStyles\": {},\"tabletStyles\": {}},{\"attributes\": {\"placeholder\": \"Email\"},\"baseStyles\": {\"borderColor\": \"#c9c9c9\",\"borderRadius\": \"4px\",\"borderStyle\": \"solid\",\"borderWidth\": \"1px\",\"display\": \"flex\",\"flexDirection\": \"column\",\"flexShrink\": 0,\"fontSize\": \"14px\",\"height\": \"32px\",\"overflow\": \"hidden\",\"position\": \"static\",\"width\": \"100%\"},\"blockId\": \"wzbvukqlo\",\"children\": [],\"classes\": [],\"customAttributes\": {\"name\": \"email_id\",\"required\": \"true\"},\"dataKey\": null,\"element\": \"input\",\"mobileStyles\": {},\"rawStyles\": {},\"tabletStyles\": {}},{\"attributes\": {\"placeholder\": \"Message\"},\"baseStyles\": {\"borderColor\": \"#c9c9c9\",\"borderRadius\": \"4px\",\"borderStyle\": \"solid\",\"borderWidth\": \"1px\",\"display\": \"flex\",\"flexDirection\": \"column\",\"flexShrink\": 0,\"fontSize\": \"14px\",\"height\": \"150px\",\"left\": \"auto\",\"overflow\": \"hidden\",\"position\": \"static\",\"top\": \"auto\",\"width\": \"100%\"},\"blockId\": \"4rclutff4\",\"children\": [],\"classes\": [],\"customAttributes\": {\"name\": \"message\",\"required\": \"true\"},\"dataKey\": null,\"element\": \"textarea\",\"mobileStyles\": {},\"rawStyles\": {},\"tabletStyles\": {}},{\"attributes\": {},\"baseStyles\": {\"alignItems\": \"center\",\"background\": \"#171717\",\"borderRadius\": \"4px\",\"display\": \"flex\",\"flexDirection\": \"column\",\"height\": \"fit-content\",\"justifyContent\": \"flex-start\",\"padding\": \"6px 8px\",\"width\": \"100%\"},\"blockId\": \"uxry21e1i\",\"children\": [{\"attributes\": {},\"baseStyles\": {\"color\": \"var(--neutral-white, #FFF)\",\"fontSize\": \"14px\",\"fontWeight\": \"420\",\"height\": \"fit-content\",\"left\": \"auto\",\"letterSpacing\": \"0.28px\",\"lineHeight\": \"115%\",\"minWidth\": \"30px\",\"position\": \"static\",\"top\": \"auto\",\"width\": \"fit-content\"},\"blockId\": \"yjglepmnh\",\"children\": [],\"classes\": [\"__text_block__\"],\"customAttributes\": {},\"dataKey\": null,\"element\": \"p\",\"innerHTML\": \"<p>Submit</p>\",\"mobileStyles\": {},\"rawStyles\": {},\"tabletStyles\": {}}],\"classes\": [\"\"],\"customAttributes\": {},\"dataKey\": null,\"element\": \"button\",\"mobileStyles\": {},\"rawStyles\": {\"flex-shrink\": \"0\",\"hover:background\": \"#383838\",\"transition\": \"all 0.1s ease-out\"},\"tabletStyles\": {}}],\"classes\": [],\"customAttributes\": {},\"dataKey\": null,\"element\": \"form\",\"mobileStyles\": {},\"rawStyles\": {},\"tabletStyles\": {}}",
 "category": "Basic Forms",
 "creation": "2024-07-11 23:34:22.558908",
 "docstatus": 0,
 "doctype": "Block Template",
 "idx": 0,
 "modified": "2024-09-19 13:10:03.603174",
 "modified_by": "Administrator",
 "name": "Form 1",
 "order": 14,
 "owner": "Administrator",
 "preview": "/builder_assets/Form 1/form-1.png",
 "preview_height": 1,
 "preview_width": 1,
 "template_name": "Form 1"
}