{
 "block": "{\"attributes\": {\"href\": \"#\"},\"baseStyles\": {\"alignItems\": \"center\",\"background\": \"#171717\",\"borderRadius\": \"4px\",\"display\": \"flex\",\"flexDirection\": \"column\",\"height\": \"fit-content\",\"justifyContent\": \"center\",\"padding\": \"6px 8px\",\"width\": \"fit-content\"},\"blockId\": \"4ur2l2mc6\",\"blockName\": \"button-link\",\"children\": [{\"attributes\": {},\"baseStyles\": {\"color\": \"var(--neutral-white, #FFF)\",\"fontSize\": \"14px\",\"fontWeight\": \"420\",\"height\": \"fit-content\",\"left\": \"auto\",\"letterSpacing\": \"0.28px\",\"lineHeight\": \"115%\",\"minWidth\": \"30px\",\"position\": \"static\",\"top\": \"auto\",\"width\": \"fit-content\"},\"blockId\": \"3z5gwjl2f\",\"children\": [],\"classes\": [\"__text_block__\"],\"customAttributes\": {},\"dataKey\": null,\"element\": \"p\",\"innerHTML\": \"<p>Button</p>\",\"mobileStyles\": {},\"rawStyles\": {},\"tabletStyles\": {}}],\"classes\": [\"__text_block__\"],\"customAttributes\": {},\"dataKey\": null,\"editable\": false,\"element\": \"a\",\"mobileStyles\": {},\"rawStyles\": {\"flex-shrink\": \"0\",\"hover:background\": \"#383838\",\"transition\": \"all 0.1s ease-out\"},\"tabletStyles\": {}}",
 "category": "Basic",
 "creation": "2024-07-10 14:44:08.816465",
 "docstatus": 0,
 "doctype": "Block Template",
 "idx": 0,
 "modified": "2024-09-19 13:08:10.275886",
 "modified_by": "Administrator",
 "name": "Button",
 "order": 1,
 "owner": "Administrator",
 "preview": "/builder_assets/Button/button.png",
 "preview_height": 1,
 "preview_width": 1,
 "template_name": "Button"
}